{
  "metis_app/engine/indexing.py": 1774658994.860832,
  "metis_app/services/skill_repository.py": 1775336777.6188648,
  "metis_app\\api\\autonomous.py": 1775247645.4530141,
  "metis_app\\api_litestar\\routes\\autonomous.py": 1775247645.4560144,
  "metis_app\\engine\\forecasting.py": 1775351144.6990366,
  "metis_app\\engine\\indexing.py": 1774658994.860832,
  "metis_app\\engine\\querying.py": 1775258444.784582,
  "metis_app\\models\\assistant_types.py": 1774806774.59391,
  "metis_app\\models\\atlas_types.py": 1775506738.2979002,
  "metis_app\\models\\brain_graph.py": 1775608953.0878785,
  "metis_app\\models\\improvement_types.py": 1775513385.8661513,
  "metis_app\\models\\parity_types.py": 1775063071.834611,
  "metis_app\\services\\atlas_repository.py": 1775507100.4069772,
  "metis_app\\services\\autonomous_research_service.py": 1775336777.617864,
  "metis_app\\services\\improvement_repository.py": 1775513512.2400286,
  "metis_app\\services\\learning_route_service.py": 1775247645.469034,
  "metis_app\\services\\nyx_catalog.py": 1775247645.4700391,
  "metis_app\\services\\skill_repository.py": 1775336777.6188648,
  "metis_app\\services\\trace_store.py": 1774642110.7960413,
  "metis_app\\services\\workspace_orchestrator.py": 1775606838.5144832,
  "metis_app\\views\\__init__.py": 1774642110.8000393,
  "metis_app\\api\\gguf.py": 1774642110.78004,
  "metis_app\\api\\models.py": 1775606514.2953286,
  "metis_app\\api_litestar\\routes\\gguf.py": 1775079686.3773057,
  "metis_app\\cli.py": 1774642110.7840402,
  "metis_app\\controllers\\app_controller.py": 1775084481.8208475,
  "metis_app\\models\\app_model.py": 1774642110.7880404,
  "metis_app\\services\\gguf_serialization.py": 1774642110.791039,
  "metis_app\\services\\heretic_service.py": 1775079686.376305,
  "metis_app\\services\\index_service.py": 1775610312.8130763,
  "metis_app\\services\\local_llm_recommender.py": 1775248105.6674824,
  "metis_app\\services\\local_model_registry.py": 1774642110.7920403,
  "metis_app\\utils\\background.py": 1774642110.7970388,
  "metis_app\\api\\app.py": 1775605584.9752498,
  "metis_app\\api\\assistant.py": 1775605584.9752498,
  "metis_app\\api\\sessions.py": 1774798844.0959468,
  "metis_app\\api_litestar\\app.py": 1775513304.5043645,
  "metis_app\\api_litestar\\routes\\assistant.py": 1775605584.9772503,
  "metis_app\\api_litestar\\routes\\atlas.py": 1775507235.811226,
  "metis_app\\api_litestar\\routes\\core.py": 1775610759.9906623,
  "metis_app\\api_litestar\\routes\\index.py": 1775687587.8221498,
  "metis_app\\api_litestar\\routes\\query.py": 1775687587.8231504,
  "metis_app\\api_litestar\\routes\\sessions.py": 1775687587.8241487,
  "metis_app\\models\\session_types.py": 1774798844.094946,
  "metis_app\\services\\forecast_service.py": 1775351144.6990366,
  "metis_app\\services\\session_repository.py": 1775249944.7117188,
  "metis_app\\services\\star_archetype.py": 1775595517.605078,
  "metis_app/engine/querying.py": 1775258444.784582,
  "metis_app/engine/runs.py": 1774642110.7870402,
  "metis_app/engine/streaming.py": 1775605584.97876,
  "metis_app/models/atlas_types.py": 1775506738.2979002,
  "metis_app/models/session_types.py": 1774798844.094946,
  "metis_app/services/vector_store.py": 1775336777.6198642,
  "metis_app/services/workspace_orchestrator.py": 1775606838.5144832,
  "metis_app/utils/embedding_providers.py": 1775084481.8208475,
  "metis_app/utils/mock_embeddings.py": 1774642110.7990403,
  "metis_app\\engine\\index_registry.py": 1774819379.008731,
  "metis_app\\engine\\streaming.py": 1775605584.97876,
  "metis_app\\services\\knowledge_cache.py": 1775257494.795265,
  "metis_app\\services\\retrieval_pipeline.py": 1775336777.617864,
  "metis_app\\services\\vector_store.py": 1775336777.6198642,
  "metis_app\\utils\\embedding_providers.py": 1775084481.8208475,
  "metis_app\\utils\\mock_embeddings.py": 1774642110.7990403,
  "metis_app\\api\\heretic.py": 1775247645.4540153,
  "metis_app\\api_litestar\\routes\\heretic.py": 1775605584.97876,
  "metis_app\\models\\star_nourishment.py": 1775605584.9797654,
  "metis_app\\services\\assistant_companion.py": 1775608953.0878785,
  "metis_app\\services\\assistant_repository.py": 1774642110.7900398,
  "metis_app\\services\\runtime_resolution.py": 1775605584.9807642,
  "metis_app\\services\\star_nourishment_gen.py": 1775605584.9807642,
  "metis_app\\utils\\feature_flags.py": 1775351775.58192,
  "metis_app\\api\\observe.py": 1775249944.7117188,
  "metis_app\\api_litestar\\routes\\observe.py": 1775249944.7117188,
  "metis_app\\services\\artifact_converter.py": 1775248594.0636466,
  "metis_app\\services\\behavior_discovery.py": 1775248546.8949046,
  "metis_app/services/web_graph_service.py": 1775247645.4750428,
  "metis_app/utils/llm_providers.py": 1775336777.6208642,
  "metis_app/utils/logging_setup.py": 1774642110.7990403,
  "metis_app/utils/model_caps.py": 1774642110.8000393,
  "metis_app/utils/web_search.py": 1775247645.4760437,
  "metis_app\\services\\web_graph_service.py": 1775247645.4750428,
  "metis_app\\utils\\llm_providers.py": 1775336777.6208642,
  "metis_app\\utils\\logging_setup.py": 1774642110.7990403,
  "metis_app\\utils\\model_caps.py": 1774642110.8000393,
  "metis_app\\utils\\web_search.py": 1775247645.4760437,
  "metis_app\\api\\comets.py": 1775351144.6913908,
  "metis_app\\api_litestar\\routes\\comets.py": 1775351144.697429,
  "metis_app\\models\\comet_event.py": 1775344525.487561,
  "metis_app\\services\\comet_decision_engine.py": 1775348156.245809,
  "metis_app\\services\\news_ingest_service.py": 1775351144.6990366,
  "metis_app\\services\\nyx_install_executor.py": 1775247645.473043,
  "metis_app\\services\\nyx_runtime.py": 1775247645.473043,
  "metis_app/api/app.py": 1775605584.9752498,
  "metis_app/api/app_state.py": 1775247645.452016,
  "metis_app/api/assistant.py": 1775605584.9752498,
  "metis_app/api/atlas.py": 1775507022.6284375,
  "metis_app/api/autonomous.py": 1775247645.4530141,
  "metis_app/api/comets.py": 1775351144.6913908,
  "metis_app/api/features.py": 1774642110.7790394,
  "metis_app/api/gguf.py": 1774642110.78004,
  "metis_app/api/heretic.py": 1775247645.4540153,
  "metis_app/api/improvements.py": 1775606514.2953286,
  "metis_app/api/logs.py": 1774642110.78004,
  "metis_app/api/models.py": 1775606514.2953286,
  "metis_app/api/observe.py": 1775249944.7117188,
  "metis_app/api/sessions.py": 1774798844.0959468,
  "metis_app/api/settings.py": 1774642110.78004,
  "metis_app/api_litestar/app.py": 1775513304.5043645,
  "metis_app/api_litestar/common.py": 1775247645.4540153,
  "metis_app/api_litestar/routes/atlas.py": 1775507235.811226,
  "metis_app/api_litestar/routes/autonomous.py": 1775247645.4560144,
  "metis_app/api_litestar/routes/index.py": 1775687587.8221498,
  "metis_app/api_litestar/routes/query.py": 1775687587.8231504,
  "metis_app/api_litestar/routes/sessions.py": 1775687587.8241487,
  "metis_app/api_litestar/routes/settings.py": 1775687587.8241487,
  "metis_app/api_litestar/routes/web_graph.py": 1775247645.4645295,
  "metis_app/app.py": 1775079686.3793669,
  "metis_app/cli.py": 1774642110.7840402,
  "metis_app/config.py": 1775351144.6985312,
  "metis_app/settings_store.py": 1775610037.6009593,
  "metis_app\\api_litestar\\common.py": 1775247645.4540153,
  "metis_app\\app.py": 1775079686.3793669,
  "metis_app/services/monte_carlo_sampler.py": 1775257494.795265,
  "metis_app/services/profile_repository.py": 1775248148.2757912,
  "metis_app/services/reranker.py": 1774642110.7920403,
  "metis_app/services/response_pipeline.py": 1774786197.6662364,
  "metis_app/services/retrieval_pipeline.py": 1775336777.617864,
  "metis_app/services/semantic_chunker.py": 1775079629.4706974,
  "metis_app/services/summary_service.py": 1774642110.7950406,
  "metis_app/services/swarm_service.py": 1775257488.803666,
  "metis_app/services/topo_scaffold.py": 1775247645.4750428,
  "metis_app\\services\\monte_carlo_sampler.py": 1775257494.795265,
  "metis_app\\services\\reranker.py": 1774642110.7920403,